-- LabFlow Test Data
-- Generated: 2026-04-04
-- Password: Admin123! (for admin), User123! (for lab users)
-- ================================================

SET NAMES utf8mb4;
USE labflow;
SET FOREIGN_KEY_CHECKS = 0;

-- --------------------------------------------------------
-- Users (1 admin, 6 lab users)
-- Note: SuperAdmin (virtual, id=-1 in token) is NOT in database
--       SuperAdmin is authenticated via .env credentials
-- --------------------------------------------------------

INSERT INTO user (id, name, password_hash, `role`, phone, email, is_active, created_at) VALUES
(1, '张明', '$argon2id$v=19$m=65536,t=3,p=4$6znoDTkXdsZRMj0Yi/DqsA$Pgqn3xDJdS89Czaj0HrcwqscgGpJP4OrKqe6ZoI5mAM', 1, '13800000001', 'zhangming@labflow.org', 0, '2026-01-05 09:00:00'),
(2, '李伟', '$argon2id$v=19$m=65536,t=3,p=4$6znoDTkXdsZRMj0Yi/DqsA$Pgqn3xDJdS89Czaj0HrcwqscgGpJP4OrKqe6ZoI5mAM', 2, '13800000002', 'liwei@labflow.org', 0, '2026-01-10 10:00:00'),
(3, '王强', '$argon2id$v=19$m=65536,t=3,p=4$6znoDTkXdsZRMj0Yi/DqsA$Pgqn3xDJdS89Czaj0HrcwqscgGpJP4OrKqe6ZoI5mAM', 2, '13800000003', 'wangqiang@labflow.org', 0, '2026-01-12 11:00:00'),
(4, '陈晓', '$argon2id$v=19$m=65536,t=3,p=4$6znoDTkXdsZRMj0Yi/DqsA$Pgqn3xDJdS89Czaj0HrcwqscgGpJP4OrKqe6ZoI5mAM', 2, '13800000004', 'chenxiao@labflow.org', 0, '2026-01-15 14:00:00'),
(5, '刘洋', '$argon2id$v=19$m=65536,t=3,p=4$6znoDTkXdsZRMj0Yi/DqsA$Pgqn3xDJdS89Czaj0HrcwqscgGpJP4OrKqe6ZoI5mAM', 2, '13800000005', 'liuyang@labflow.org', 0, '2026-02-01 09:00:00'),
(6, '赵飞', '$argon2id$v=19$m=65536,t=3,p=4$6znoDTkXdsZRMj0Yi/DqsA$Pgqn3xDJdS89Czaj0HrcwqscgGpJP4OrKqe6ZoI5mAM', 2, '13800000006', 'zhaofei@labflow.org', 0, '2026-02-10 10:00:00'),
(7, '孙洁', '$argon2id$v=19$m=65536,t=3,p=4$6znoDTkXdsZRMj0Yi/DqsA$Pgqn3xDJdS89Czaj0HrcwqscgGpJP4OrKqe6ZoI5mAM', 2, '13800000007', 'sunjie@labflow.org', 0, '2026-02-20 11:00:00');

-- --------------------------------------------------------
-- Labs (15 labs in 4 buildings)
-- --------------------------------------------------------

INSERT INTO lab (id, name, address, capacity, status, keyword, description, created_at) VALUES
(1, '教学楼A-101', '教学楼A栋101室', 30, 0, '教学,基础', '多媒体基础教学实验室', '2026-01-01 08:00:00'),
(2, '教学楼A-201', '教学楼A栋201室', 40, 0, '教学,计算机', '计算机教学实验室', '2026-01-01 08:00:00'),
(3, '教学楼A-301', '教学楼A栋301室', 35, 0, '教学,物理', '物理实验教学区', '2026-01-01 08:00:00'),
(4, '教学楼A-401', '教学楼A栋401室', 25, 0, '教学,化学', '化学教学实验室', '2026-01-01 08:00:00'),
(5, '教学楼A-501', '教学楼A栋501室', 30, 1, '教学,维护中', '化学实验室（维护中）', '2026-01-01 08:00:00'),
(6, '教学楼B-101', '教学楼B栋101室', 45, 0, '教学,大型', '大型阶梯教室', '2026-01-01 08:00:00'),
(7, '教学楼B-201', '教学楼B栋201室', 30, 0, '教学,生物', '生物教学实验室', '2026-01-01 08:00:00'),
(8, '教学楼B-301', '教学楼B栋301室', 20, 0, '教学,精密', '精密仪器实验室', '2026-01-01 08:00:00'),
(9, '实验楼1-101', '实验楼1栋101室', 20, 0, '实验,电子', '电子技术实验室', '2026-01-02 09:00:00'),
(10, '实验楼1-201', '实验楼1栋201室', 15, 0, '实验,材料', '材料科学实验室', '2026-01-02 09:00:00'),
(11, '实验楼1-301', '实验楼1栋301室', 20, 0, '实验,机械', '机械设计实验室', '2026-01-02 09:00:00'),
(12, '实验楼1-401', '实验楼1栋401室', 12, 0, '实验,纳米', '纳米技术实验室', '2026-01-02 09:00:00'),
(13, '实验楼2-101', '实验楼2栋101室', 25, 0, '实验,计算机', '计算机组成实验室', '2026-01-02 10:00:00'),
(14, '实验楼2-201', '实验楼2栋201室', 20, 0, '实验,网络', '网络工程实验室', '2026-01-02 10:00:00'),
(15, '实验楼2-301', '实验楼2栋301室', 18, 2, '实验,停用', '高性能计算实验室（停用）', '2026-01-02 10:00:00');

-- --------------------------------------------------------
-- Lab Users (managers for labs, user_id=2,3,4 are main managers)
-- --------------------------------------------------------

INSERT INTO lab_user (id, lab_id, user_id, created_at, is_active) VALUES
(1, 1, 2, '2026-01-10 10:00:00', 0),
(2, 2, 2, '2026-01-10 10:00:00', 0),
(3, 3, 3, '2026-01-12 11:00:00', 0),
(4, 4, 3, '2026-01-12 11:00:00', 0),
(5, 5, 4, '2026-01-15 14:00:00', 0),
(6, 6, 2, '2026-01-10 10:00:00', 0),
(7, 7, 4, '2026-01-15 14:00:00', 0),
(8, 8, 3, '2026-01-12 11:00:00', 0),
(9, 9, 2, '2026-01-10 10:00:00', 0),
(10, 10, 4, '2026-01-15 14:00:00', 0),
(11, 11, 3, '2026-01-12 11:00:00', 0),
(12, 12, 2, '2026-01-10 10:00:00', 0),
(13, 13, 4, '2026-01-15 14:00:00', 0),
(14, 14, 3, '2026-01-12 11:00:00', 0),
(15, 6, 3, '2026-01-12 11:00:00', 0),
(16, 7, 2, '2026-01-10 10:00:00', 0);

-- --------------------------------------------------------
-- Instruments (25 instruments, some duplicates across labs)
-- --------------------------------------------------------

INSERT INTO instrument (id, name, model, manufacturer, supplier, purchase_date, price, status, lab_id, remark, created_at) VALUES
(1, '台式电脑', 'ThinkCentre M920', '联想', '神州数码', '2025-06-15', 4500.00, 0, 2, '40台', '2026-01-01 08:00:00'),
(2, '台式电脑', 'ThinkCentre M920', '联想', '神州数码', '2025-06-15', 4500.00, 0, 13, '30台', '2026-01-02 09:00:00'),
(3, '投影仪', 'Epson CB-X49', '爱普生', '华东投影', '2025-08-20', 3800.00, 0, 1, '', '2026-01-01 08:00:00'),
(4, '投影仪', 'Epson CB-X49', '爱普生', '华东投影', '2025-08-20', 3800.00, 0, 6, '', '2026-01-02 10:00:00'),
(5, '示波器', 'Tektronix TBS1104', '泰克', '东方集成', '2025-09-10', 8500.00, 0, 9, '', '2026-01-02 09:00:00'),
(6, '示波器', 'Rigol DS1104', '普源', '普源官方', '2025-10-05', 3200.00, 0, 11, '', '2026-01-02 09:00:00'),
(7, '万用表', 'Fluke 17B+', '福禄克', '福禄克代理', '2025-07-20', 890.00, 0, 9, '', '2026-01-02 09:00:00'),
(8, '万用表', 'Fluke 17B+', '福禄克', '福禄克代理', '2025-07-20', 890.00, 0, 10, '', '2026-01-02 09:00:00'),
(9, '显微镜', 'Olympus CX23', '奥林巴斯', '奥林巴斯代理', '2025-05-15', 12000.00, 0, 7, '', '2026-01-02 10:00:00'),
(10, '显微镜', 'Nikon E200', '尼康', '尼康代理', '2025-06-10', 9800.00, 0, 3, '', '2026-01-01 08:00:00'),
(11, '光谱仪', 'Ocean Optics FX', '海洋光学', '海洋光学代理', '2025-11-20', 15000.00, 0, 10, '', '2026-01-02 09:00:00'),
(12, '电子天平', 'Mettler TOLEDO ME', '梅特勒', '梅特勒代理', '2025-08-05', 5500.00, 0, 4, '', '2026-01-01 08:00:00'),
(13, '电子天平', 'Mettler TOLEDO ME', '梅特勒', '梅特勒代理', '2025-08-05', 5500.00, 0, 11, '', '2026-01-02 09:00:00'),
(14, '离心机', 'Eppendorf 5424', '艾本德', '艾本德代理', '2025-09-25', 7800.00, 0, 7, '', '2026-01-02 10:00:00'),
(15, '离心机', 'Thermo SL40', '赛默飞', '赛默飞代理', '2025-10-15', 9200.00, 1, 4, '维修中', '2026-01-01 08:00:00'),
(16, 'PCR仪', 'Bio-Rad C1000', '伯乐', '伯乐代理', '2025-07-30', 28000.00, 0, 7, '', '2026-01-02 10:00:00'),
(17, '超低温冰箱', 'Haier DW-86L', '海尔', '海尔医疗', '2025-06-20', 18000.00, 0, 12, '', '2026-01-02 09:00:00'),
(18, '超净工作台', '苏净安泰BHC-1300', '苏净安泰', '苏净安泰代理', '2025-08-12', 6500.00, 0, 12, '', '2026-01-02 09:00:00'),
(19, '3D打印机', 'Ultimaker S5', 'Ultimaker', 'Ultimaker代理', '2025-09-08', 45000.00, 0, 11, '', '2026-01-02 09:00:00'),
(20, '3D打印机', 'Creality Ender-3', '创想三维', '创想官方', '2025-10-20', 2500.00, 0, 3, '教学用', '2026-01-01 08:00:00'),
(21, '焊台', 'Hakko FX-951', '白光', '白光代理', '2025-07-15', 1200.00, 0, 9, '', '2026-01-02 09:00:00'),
(22, '焊台', 'Hakko FX-951', '白光', '白光代理', '2025-07-15', 1200.00, 0, 11, '', '2026-01-02 09:00:00'),
(23, '服务器', 'Dell PowerEdge R740', '戴尔', '戴尔企业', '2025-05-30', 55000.00, 2, 15, '停用', '2026-01-02 10:00:00'),
(24, '网络分析仪', 'Keysight N9923A', '是德科技', '是德代理', '2025-11-10', 68000.00, 0, 14, '', '2026-01-02 10:00:00'),
(25, '信号源', 'Rigol DG4162', '普源', '普源官方', '2025-10-25', 4500.00, 0, 8, '', '2026-01-01 08:00:00');

-- --------------------------------------------------------
-- Reservations (40+ reservations over ~2 months)
-- Feb 4 - Apr 4, 2026
-- Status: 0=审批中, 1=通过, 2=拒绝, 3=取消
-- --------------------------------------------------------

INSERT INTO reservation (id, user_id, lab_id, start_time, end_time, purpose, status, is_deleted, created_at) VALUES
-- February 2026
(1, 2, 1, '2026-02-04 09:00:00', '2026-02-04 12:00:00', '计算机基础课程教学', 1, 0, '2026-02-01 10:00:00'),
(2, 3, 3, '2026-02-05 14:00:00', '2026-02-05 17:00:00', '大学物理实验', 1, 0, '2026-02-02 09:00:00'),
(3, 4, 4, '2026-02-06 08:00:00', '2026-02-06 11:00:00', '有机化学实验', 1, 0, '2026-02-03 14:00:00'),
(4, 5, 9, '2026-02-10 13:00:00', '2026-02-10 18:00:00', '电子技术课程设计', 1, 0, '2026-02-07 11:00:00'),
(5, 6, 10, '2026-02-12 09:00:00', '2026-02-12 12:00:00', '材料分析实验', 1, 0, '2026-02-09 15:00:00'),
(6, 2, 2, '2026-02-15 08:00:00', '2026-02-15 12:00:00', 'C语言程序设计课程', 1, 0, '2026-02-12 10:00:00'),
(7, 7, 11, '2026-02-17 14:00:00', '2026-02-17 17:00:00', '机械制图实训', 1, 0, '2026-02-14 09:00:00'),
(8, 3, 8, '2026-02-18 10:00:00', '2026-02-18 16:00:00', '精密仪器测量实验', 1, 0, '2026-02-15 11:00:00'),
(9, 4, 7, '2026-02-20 09:00:00', '2026-02-20 12:00:00', '生物实验课程', 1, 0, '2026-02-17 14:00:00'),
(10, 5, 13, '2026-02-22 08:00:00', '2026-02-22 17:00:00', '计算机组成原理实验', 1, 0, '2026-02-19 10:00:00'),
(11, 2, 1, '2026-02-24 14:00:00', '2026-02-24 17:00:00', '数据结构上机课', 1, 0, '2026-02-21 09:00:00'),
(12, 6, 12, '2026-02-25 10:00:00', '2026-02-25 15:00:00', '纳米材料实验', 1, 0, '2026-02-22 11:00:00'),
(13, 3, 6, '2026-02-26 08:00:00', '2026-02-26 12:00:00', '学术报告', 1, 0, '2026-02-23 14:00:00'),
(14, 7, 9, '2026-02-27 13:00:00', '2026-02-27 18:00:00', '电路实验', 2, 0, '2026-02-24 10:00:00'),
(15, 4, 4, '2026-02-28 09:00:00', '2026-02-28 12:00:00', '分析化学实验', 1, 0, '2026-02-25 09:00:00'),

-- March 2026
(16, 2, 2, '2026-03-02 08:00:00', '2026-03-02 12:00:00', '数据库课程', 1, 0, '2026-02-27 14:00:00'),
(17, 5, 14, '2026-03-03 09:00:00', '2026-03-03 17:00:00', '网络工程实训', 1, 0, '2026-02-28 10:00:00'),
(18, 3, 3, '2026-03-04 14:00:00', '2026-03-04 18:00:00', '光学实验', 1, 0, '2026-03-01 09:00:00'),
(19, 6, 11, '2026-03-05 08:00:00', '2026-03-05 12:00:00', '机械设计课程', 1, 0, '2026-03-02 11:00:00'),
(20, 4, 10, '2026-03-06 13:00:00', '2026-03-06 17:00:00', '材料力学实验', 1, 0, '2026-03-03 14:00:00'),
(21, 7, 1, '2026-03-08 09:00:00', '2026-03-08 12:00:00', '计算机网络课程', 1, 0, '2026-03-05 10:00:00'),
(22, 2, 7, '2026-03-09 14:00:00', '2026-03-09 18:00:00', '微生物实验', 1, 0, '2026-03-06 09:00:00'),
(23, 5, 13, '2026-03-10 08:00:00', '2026-03-10 17:00:00', '操作系统实验', 1, 0, '2026-03-07 11:00:00'),
(24, 3, 9, '2026-03-11 10:00:00', '2026-03-11 16:00:00', '电子技术课程', 1, 0, '2026-03-08 14:00:00'),
(25, 6, 12, '2026-03-12 09:00:00', '2026-03-12 14:00:00', '纳米技术实验', 1, 0, '2026-03-09 10:00:00'),
(26, 4, 8, '2026-03-13 13:00:00', '2026-03-13 18:00:00', '精密测量实验', 2, 0, '2026-03-10 09:00:00'),
(27, 7, 2, '2026-03-14 08:00:00', '2026-03-14 12:00:00', '软件工程课程', 1, 0, '2026-03-11 11:00:00'),
(28, 2, 6, '2026-03-15 09:00:00', '2026-03-15 12:00:00', '学术讲座', 1, 0, '2026-03-12 14:00:00'),
(29, 5, 14, '2026-03-16 14:00:00', '2026-03-16 18:00:00', '网络安全实验', 1, 0, '2026-03-13 10:00:00'),
(30, 3, 11, '2026-03-17 08:00:00', '2026-03-17 12:00:00', 'CAD实训', 1, 0, '2026-03-14 09:00:00'),
(31, 6, 10, '2026-03-18 13:00:00', '2026-03-18 17:00:00', '材料分析实验', 1, 0, '2026-03-15 11:00:00'),
(32, 4, 4, '2026-03-19 09:00:00', '2026-03-19 12:00:00', '化学实验课', 3, 0, '2026-03-16 14:00:00'),
(33, 7, 9, '2026-03-20 10:00:00', '2026-03-20 15:00:00', '单片机实验', 1, 0, '2026-03-17 10:00:00'),
(34, 2, 1, '2026-03-21 14:00:00', '2026-03-21 18:00:00', '计算机基础考试', 1, 0, '2026-03-18 09:00:00'),
(35, 5, 13, '2026-03-22 08:00:00', '2026-03-22 17:00:00', '编译原理实验', 1, 0, '2026-03-19 11:00:00'),
(36, 3, 3, '2026-03-23 09:00:00', '2026-03-23 14:00:00', '物理实验考试', 1, 0, '2026-03-20 14:00:00'),
(37, 6, 7, '2026-03-24 13:00:00', '2026-03-24 18:00:00', '生物化学实验', 1, 0, '2026-03-21 10:00:00'),
(38, 4, 11, '2026-03-25 08:00:00', '2026-03-25 12:00:00', '机械制造实验', 2, 0, '2026-03-22 09:00:00'),
(39, 7, 14, '2026-03-26 14:00:00', '2026-03-26 18:00:00', '网络协议分析', 1, 0, '2026-03-23 11:00:00'),
(40, 2, 2, '2026-03-27 09:00:00', '2026-03-27 12:00:00', '算法设计与分析', 1, 0, '2026-03-24 14:00:00'),
(41, 5, 12, '2026-03-28 10:00:00', '2026-03-28 15:00:00', '纳米实验研究', 1, 0, '2026-03-25 10:00:00'),
(42, 3, 6, '2026-03-29 08:00:00', '2026-03-29 11:00:00', '专家报告', 1, 0, '2026-03-26 09:00:00'),
(43, 6, 9, '2026-03-30 13:00:00', '2026-03-30 17:00:00', '电路设计实验', 1, 0, '2026-03-27 11:00:00'),
(44, 4, 8, '2026-03-31 09:00:00', '2026-03-31 14:00:00', '仪器分析实验', 3, 0, '2026-03-28 14:00:00'),

-- April 2026 (recent)
(45, 2, 1, '2026-04-01 08:00:00', '2026-04-01 12:00:00', '期末复习课', 0, 0, '2026-03-29 10:00:00'),
(46, 5, 14, '2026-04-01 13:00:00', '2026-04-01 17:00:00', '网络工程课程设计', 0, 0, '2026-03-29 14:00:00'),
(47, 3, 10, '2026-04-02 09:00:00', '2026-04-02 12:00:00', '材料检测实验', 0, 0, '2026-03-30 09:00:00'),
(48, 6, 11, '2026-04-02 14:00:00', '2026-04-02 18:00:00', '机械设计课程', 0, 0, '2026-03-30 11:00:00'),
(49, 7, 2, '2026-04-03 08:00:00', '2026-04-03 12:00:00', '软件测试实验', 0, 0, '2026-03-31 10:00:00'),
(50, 4, 7, '2026-04-03 13:00:00', '2026-04-03 17:00:00', '细胞培养实验', 0, 0, '2026-03-31 14:00:00');

-- --------------------------------------------------------
-- Approvals (matching reservations)
-- Approver IDs: 2=李伟, 3=王强, 4=陈晓 (lab managers)
-- --------------------------------------------------------

INSERT INTO approval (reservation_id, approver_id, status, comment, approved_at, created_at) VALUES
(1, 2, 0, '课程安排合理，同意使用', '2026-02-01 15:00:00', '2026-02-01 10:30:00'),
(2, 3, 0, '实验室可用，同意', '2026-02-02 16:00:00', '2026-02-02 09:30:00'),
(3, 3, 0, '实验准备充分，同意', '2026-02-03 17:00:00', '2026-02-03 14:30:00'),
(4, 2, 0, '设备充足，同意使用', '2026-02-07 17:00:00', '2026-02-07 11:30:00'),
(5, 4, 0, '材料已准备，同意', '2026-02-09 18:00:00', '2026-02-09 15:30:00'),
(6, 2, 0, '课程需要，同意', '2026-02-12 17:00:00', '2026-02-12 10:30:00'),
(7, 3, 0, '设备空闲，同意', '2026-02-14 17:00:00', '2026-02-14 09:30:00'),
(8, 3, 0, '实验安排合理', '2026-02-15 17:00:00', '2026-02-15 11:30:00'),
(9, 4, 0, '同意使用实验室', '2026-02-17 17:00:00', '2026-02-17 14:30:00'),
(10, 4, 0, '计算机设备充足，同意', '2026-02-19 17:00:00', '2026-02-19 10:30:00'),
(11, 2, 0, '课程安排，同意', '2026-02-21 17:00:00', '2026-02-21 09:30:00'),
(12, 2, 0, '纳米设备可用，同意', '2026-02-22 17:00:00', '2026-02-22 11:30:00'),
(13, 2, 0, '场地空闲，同意', '2026-02-23 17:00:00', '2026-02-23 14:30:00'),
(14, 2, 1, '设备已被其他课程预约', '2026-02-24 17:00:00', '2026-02-24 10:30:00'),
(15, 3, 0, '同意使用', '2026-02-25 17:00:00', '2026-02-25 09:30:00'),
(16, 2, 0, '计算机空闲，同意', '2026-02-27 17:00:00', '2026-02-27 14:30:00'),
(17, 3, 0, '网络设备充足，同意', '2026-02-28 17:00:00', '2026-02-28 10:30:00'),
(18, 3, 0, '光学仪器可用', '2026-03-01 17:00:00', '2026-03-01 09:30:00'),
(19, 3, 0, '机械设备空闲，同意', '2026-03-02 17:00:00', '2026-03-02 11:30:00'),
(20, 4, 0, '同意', '2026-03-03 17:00:00', '2026-03-03 14:30:00'),
(21, 2, 0, '实验室空闲', '2026-03-05 17:00:00', '2026-03-05 10:30:00'),
(22, 4, 0, '生物实验条件满足', '2026-03-06 17:00:00', '2026-03-06 09:30:00'),
(23, 4, 0, '计算机充足，同意', '2026-03-07 17:00:00', '2026-03-07 11:30:00'),
(24, 2, 0, '电子设备可用', '2026-03-08 17:00:00', '2026-03-08 14:30:00'),
(25, 2, 0, '纳米设备空闲', '2026-03-09 17:00:00', '2026-03-09 10:30:00'),
(26, 3, 1, '精密仪器已被预约', '2026-03-10 17:00:00', '2026-03-10 09:30:00'),
(27, 2, 0, '课程需要', '2026-03-11 17:00:00', '2026-03-11 11:30:00'),
(28, 2, 0, '场地空闲', '2026-03-12 17:00:00', '2026-03-12 14:30:00'),
(29, 3, 0, '网络安全设备可用', '2026-03-13 17:00:00', '2026-03-13 10:30:00'),
(30, 3, 0, 'CAD设备空闲', '2026-03-14 17:00:00', '2026-03-14 09:30:00'),
(31, 4, 0, '材料实验条件满足', '2026-03-15 17:00:00', '2026-03-15 11:30:00'),
(33, 2, 0, '单片机设备充足', '2026-03-17 17:00:00', '2026-03-17 10:30:00'),
(34, 2, 0, '同意使用', '2026-03-18 17:00:00', '2026-03-18 09:30:00'),
(35, 4, 0, '计算机可用', '2026-03-19 17:00:00', '2026-03-19 11:30:00'),
(36, 3, 0, '物理设备空闲', '2026-03-20 17:00:00', '2026-03-20 14:30:00'),
(37, 4, 0, '生化设备满足', '2026-03-21 17:00:00', '2026-03-21 10:30:00'),
(38, 3, 1, '机械实验室设备维护', '2026-03-22 17:00:00', '2026-03-22 09:30:00'),
(39, 3, 0, '网络设备空闲', '2026-03-23 17:00:00', '2026-03-23 11:30:00'),
(40, 2, 0, '课程安排合理', '2026-03-24 17:00:00', '2026-03-24 14:30:00'),
(41, 2, 0, '纳米设备可用', '2026-03-25 17:00:00', '2026-03-25 10:30:00'),
(42, 2, 0, '阶梯教室空闲', '2026-03-26 17:00:00', '2026-03-26 09:30:00'),
(43, 2, 0, '电路实验室空闲', '2026-03-27 17:00:00', '2026-03-27 11:30:00');

-- --------------------------------------------------------
-- Notifications (minimal - only a few for testing)
-- User IDs: 2=李伟, 3=王强, 4=陈晓, 5=刘洋, 6=赵飞, 7=孙洁
-- --------------------------------------------------------

INSERT INTO notification (id, user_id, title, content, type, related_id, is_read, created_at) VALUES
(1, 2, '预约已通过', '您的预约（教学楼A-101）已审批通过', 1, 1, 1, '2026-02-01 15:30:00'),
(2, 3, '预约已拒绝', '您的预约（实验楼1-101）因设备冲突被拒绝', 1, 14, 0, '2026-02-24 17:30:00'),
(3, 4, '预约已取消', '您的预约（教学楼A-401）已取消', 1, 32, 1, '2026-03-16 15:00:00'),
(4, 4, '预约已拒绝', '您的预约（实验楼1-301）因设备维护被拒绝', 1, 38, 0, '2026-03-22 17:30:00');

-- --------------------------------------------------------
-- User Logs (sample activity logs)
-- Note: operator_id=1 represents user_id=1 (张明, admin) as operator
-- --------------------------------------------------------

INSERT INTO user_log (user_id, operator_id, action, name, `role`, phone, email, is_active, created_at) VALUES
(1, 1, 'create', '张明', 1, '13800000001', 'zhangming@labflow.org', 0, '2026-01-05 09:00:00'),
(2, 1, 'create', '李伟', 2, '13800000002', 'liwei@labflow.org', 0, '2026-01-10 10:00:00'),
(3, 1, 'create', '王强', 2, '13800000003', 'wangqiang@labflow.org', 0, '2026-01-12 11:00:00'),
(4, 1, 'create', '陈晓', 2, '13800000004', 'chenxiao@labflow.org', 0, '2026-01-15 14:00:00');

-- --------------------------------------------------------
-- Instrument Logs (sample activity logs)
-- --------------------------------------------------------

INSERT INTO instrument_log (instrument_id, operator_id, action, name, model, manufacturer, supplier, price, status, lab_id, created_at) VALUES
(1, 1, 'create', '台式电脑', 'ThinkCentre M920', '联想', '神州数码', 4500.00, 0, 2, '2026-01-01 08:00:00'),
(5, 1, 'create', '示波器', 'Tektronix TBS1104', '泰克', '东方集成', 8500.00, 0, 9, '2026-01-02 09:00:00'),
(9, 1, 'create', '显微镜', 'Olympus CX23', '奥林巴斯', '奥林巴斯代理', 12000.00, 0, 7, '2026-01-02 10:00:00'),
(15, 1, 'update', '离心机', 'Thermo SL40', '赛默飞', '赛默飞代理', 9200.00, 1, 4, '2026-03-15 10:00:00');

-- --------------------------------------------------------
-- Lab User Logs (sample activity logs)
-- --------------------------------------------------------

INSERT INTO lab_user_log (lab_user_id, lab_id, user_id, operator_id, action, is_active, created_at) VALUES
(1, 1, 3, 1, 'create', 0, '2026-01-10 10:00:00'),
(2, 2, 3, 1, 'create', 0, '2026-01-10 10:00:00'),
(3, 3, 4, 1, 'create', 0, '2026-01-12 11:00:00'),
(9, 9, 3, 1, 'create', 0, '2026-01-10 10:00:00'),
(10, 10, 5, 1, 'create', 0, '2026-01-15 14:00:00');

-- ================================================
-- Test Data Complete
-- Note: SuperAdmin (virtual, id=-1 in token) is NOT in database
-- Users: 7 (1 admin id=1 + 6 lab users id=2~7)
--   id=1: 张明 (admin)
--   id=2: 李伟 (lab user, manager)
--   id=3: 王强 (lab user, manager)
--   id=4: 陈晓 (lab user, manager)
--   id=5: 刘洋 (lab user)
--   id=6: 赵飞 (lab user)
--   id=7: 孙洁 (lab user)
-- Labs: 15
-- Lab Users: 16 (manager assignments)
-- Instruments: 25
-- Reservations: 50
-- Approvals: 43
-- Notifications: 4
-- Logs: 13
-- ================================================

SET FOREIGN_KEY_CHECKS = 1;