-- LabFlow Test Data - Dataset 2 (Expires: Late May 2026)
-- Time Range: 2026-03-15 to 2026-05-22
-- Generated: 2026-04-19
-- Password: Admin123! (for admin), User123! (for lab users)
-- ================================================

SET NAMES utf8mb4;
USE labflow;
SET FOREIGN_KEY_CHECKS = 0;

-- --------------------------------------------------------
-- Clear existing test data
-- --------------------------------------------------------

DELETE FROM approval;
DELETE FROM reservation;
DELETE FROM notification;
DELETE FROM user_log;
DELETE FROM instrument_log;
DELETE FROM lab_user_log;

-- --------------------------------------------------------
-- Users (1 admin, 6 lab users)
-- Note: SuperAdmin (virtual, id=-1 in token) is NOT in database
--       SuperAdmin is authenticated via .env credentials
-- --------------------------------------------------------

INSERT INTO user (id, name, password_hash, `role`, phone, email, is_active, created_at) VALUES
(1, '张明', '$argon2id$v=19$m=65536,t=3,p=4$6znoDTkXdsZRMj0Yi/DqsA$Pgqn3xDJdS89Czaj0HrcwqscgGpJP4OrKqe6ZoI5mAM', 1, '13800000001', 'zhangming@labflow.org', 0, '2026-01-05 09:00:00'),
(2, '李伟', '$argon2id$v=19$m=65536,t=3,p=4$6znoDTkXdsZRMj0Yi/DqsA$Pgqn3xDJdS89Czaj0HrcwqscgGpJP4OrKqe6ZoI5mAM', 2, '13800000002', 'liwei@labflow.org', 0, '2026-01-10 10:00:00'),
(3, '王强', '$argon2id$v=19$m=65536,t=3,p=4$6znoDTkXdsZRMj0Yi/DqsA$Pgqn3xDJdS89Czaj0HrcwqscgGpJP4OrKqe6ZoI5mAM', 2, '13800000003', 'wangqiang@labflow.org', 0, '2026-01-12 11:00:00'),
(4, '陈晓', '$argon2id$v=19$m=65536,t=3,p=4$6znoDTkXdsZRMj0Yi/DqsA$Pgqn3xDJdS89Czaj0HrcwqscgGpJP4OrKqe6ZoI5mAM', 2, '13800000004', 'chenxiao@labflow.org', 0, '2026-01-15 14:00:00'),
(5, '刘洋', '$argon2id$v=19$m=65536,t=3,p=4$6znoDTkXdsZRMj0Yi/DqsA$Pgqn3xDJdS89Czaj0HrcwqscgGpJP4OrKqe6ZoI5mAM', 2, '13800000005', 'liuyang@labflow.org', 0, '2026-02-01 09:00:00'),
(6, '赵飞', '$argon2id$v=19$m=65536,t=3,p=4$6znoDTkXdsZRMj0Yi/DqsA$Pgqn3xDJdS89Czaj0HrcwqscgGpJP4OrKqe6ZoI5mAM', 2, '13800000006', 'zhaofei@labflow.org', 0, '2026-02-10 10:00:00'),
(7, '孙洁', '$argon2id$v=19$m=65536,t=3,p=4$6znoDTkXdsZRMj0Yi/DqsA$Pgqn3xDJdS89Czaj0HrcwqscgGpJP4OrKqe6ZoI5mAM', 2, '13800000007', 'sunjie@labflow.org', 0, '2026-02-20 11:00:00');

-- --------------------------------------------------------
-- Labs (15 labs in 4 buildings)
-- --------------------------------------------------------

INSERT INTO lab (id, name, address, capacity, status, keyword, description, created_at) VALUES
(1, '教学楼A-101', '教学楼A栋101室', 30, 0, '教学,基础', '多媒体基础教学实验室', '2026-01-01 08:00:00'),
(2, '教学楼A-201', '教学楼A栋201室', 40, 0, '教学,计算机', '计算机教学实验室', '2026-01-01 08:00:00'),
(3, '教学楼A-301', '教学楼A栋301室', 35, 0, '教学,物理', '物理实验教学区', '2026-01-01 08:00:00'),
(4, '教学楼A-401', '教学楼A栋401室', 25, 0, '教学,化学', '化学教学实验室', '2026-01-01 08:00:00'),
(5, '教学楼A-501', '教学楼A栋501室', 30, 1, '教学,维护中', '化学实验室（维护中）', '2026-01-01 08:00:00'),
(6, '教学楼B-101', '教学楼B栋101室', 45, 0, '教学,大型', '大型阶梯教室', '2026-01-01 08:00:00'),
(7, '教学楼B-201', '教学楼B栋201室', 30, 0, '教学,生物', '生物教学实验室', '2026-01-01 08:00:00'),
(8, '教学楼B-301', '教学楼B栋301室', 20, 0, '教学,精密', '精密仪器实验室', '2026-01-01 08:00:00'),
(9, '实验楼1-101', '实验楼1栋101室', 20, 0, '实验,电子', '电子技术实验室', '2026-01-02 09:00:00'),
(10, '实验楼1-201', '实验楼1栋201室', 15, 0, '实验,材料', '材料科学实验室', '2026-01-02 09:00:00'),
(11, '实验楼1-301', '实验楼1栋301室', 20, 0, '实验,机械', '机械设计实验室', '2026-01-02 09:00:00'),
(12, '实验楼1-401', '实验楼1栋401室', 12, 0, '实验,纳米', '纳米技术实验室', '2026-01-02 09:00:00'),
(13, '实验楼2-101', '实验楼2栋101室', 25, 0, '实验,计算机', '计算机组成实验室', '2026-01-02 10:00:00'),
(14, '实验楼2-201', '实验楼2栋201室', 20, 0, '实验,网络', '网络工程实验室', '2026-01-02 10:00:00'),
(15, '实验楼2-301', '实验楼2栋301室', 18, 2, '实验,停用', '高性能计算实验室（停用）', '2026-01-02 10:00:00');

-- --------------------------------------------------------
-- Lab Users (managers for labs)
-- --------------------------------------------------------

INSERT INTO lab_user (id, lab_id, user_id, created_at, is_active) VALUES
(1, 1, 2, '2026-01-10 10:00:00', 0),
(2, 2, 2, '2026-01-10 10:00:00', 0),
(3, 3, 3, '2026-01-12 11:00:00', 0),
(4, 4, 3, '2026-01-12 11:00:00', 0),
(5, 5, 4, '2026-01-15 14:00:00', 0),
(6, 6, 2, '2026-01-10 10:00:00', 0),
(7, 7, 4, '2026-01-15 14:00:00', 0),
(8, 8, 3, '2026-01-12 11:00:00', 0),
(9, 9, 2, '2026-01-10 10:00:00', 0),
(10, 10, 4, '2026-01-15 14:00:00', 0),
(11, 11, 3, '2026-01-12 11:00:00', 0),
(12, 12, 2, '2026-01-10 10:00:00', 0),
(13, 13, 4, '2026-01-15 14:00:00', 0),
(14, 14, 3, '2026-01-12 11:00:00', 0),
(15, 6, 3, '2026-01-12 11:00:00', 0),
(16, 7, 2, '2026-01-10 10:00:00', 0);

-- --------------------------------------------------------
-- Instruments (25 instruments)
-- --------------------------------------------------------

INSERT INTO instrument (id, name, model, manufacturer, supplier, purchase_date, price, status, lab_id, remark, created_at) VALUES
(1, '台式电脑', 'ThinkCentre M920', '联想', '神州数码', '2025-06-15', 4500.00, 0, 2, '40台', '2026-01-01 08:00:00'),
(2, '台式电脑', 'ThinkCentre M920', '联想', '神州数码', '2025-06-15', 4500.00, 0, 13, '30台', '2026-01-02 09:00:00'),
(3, '投影仪', 'Epson CB-X49', '爱普生', '华东投影', '2025-08-20', 3800.00, 0, 1, '', '2026-01-01 08:00:00'),
(4, '投影仪', 'Epson CB-X49', '爱普生', '华东投影', '2025-08-20', 3800.00, 0, 6, '', '2026-01-02 10:00:00'),
(5, '示波器', 'Tektronix TBS1104', '泰克', '东方集成', '2025-09-10', 8500.00, 0, 9, '', '2026-01-02 09:00:00'),
(6, '示波器', 'Rigol DS1104', '普源', '普源官方', '2025-10-05', 3200.00, 0, 11, '', '2026-01-02 09:00:00'),
(7, '万用表', 'Fluke 17B+', '福禄克', '福禄克代理', '2025-07-20', 890.00, 0, 9, '', '2026-01-02 09:00:00'),
(8, '万用表', 'Fluke 17B+', '福禄克', '福禄克代理', '2025-07-20', 890.00, 0, 10, '', '2026-01-02 09:00:00'),
(9, '显微镜', 'Olympus CX23', '奥林巴斯', '奥林巴斯代理', '2025-05-15', 12000.00, 0, 7, '', '2026-01-02 10:00:00'),
(10, '显微镜', 'Nikon E200', '尼康', '尼康代理', '2025-06-10', 9800.00, 0, 3, '', '2026-01-01 08:00:00'),
(11, '光谱仪', 'Ocean Optics FX', '海洋光学', '海洋光学代理', '2025-11-20', 15000.00, 0, 10, '', '2026-01-02 09:00:00'),
(12, '电子天平', 'Mettler TOLEDO ME', '梅特勒', '梅特勒代理', '2025-08-05', 5500.00, 0, 4, '', '2026-01-01 08:00:00'),
(13, '电子天平', 'Mettler TOLEDO ME', '梅特勒', '梅特勒代理', '2025-08-05', 5500.00, 0, 11, '', '2026-01-02 09:00:00'),
(14, '离心机', 'Eppendorf 5424', '艾本德', '艾本德代理', '2025-09-25', 7800.00, 0, 7, '', '2026-01-02 10:00:00'),
(15, '离心机', 'Thermo SL40', '赛默飞', '赛默飞代理', '2025-10-15', 9200.00, 1, 4, '维修中', '2026-01-01 08:00:00'),
(16, 'PCR仪', 'Bio-Rad C1000', '伯乐', '伯乐代理', '2025-07-30', 28000.00, 0, 7, '', '2026-01-02 10:00:00'),
(17, '超低温冰箱', 'Haier DW-86L', '海尔', '海尔医疗', '2025-06-20', 18000.00, 0, 12, '', '2026-01-02 09:00:00'),
(18, '超净工作台', '苏净安泰BHC-1300', '苏净安泰', '苏净安泰代理', '2025-08-12', 6500.00, 0, 12, '', '2026-01-02 09:00:00'),
(19, '3D打印机', 'Ultimaker S5', 'Ultimaker', 'Ultimaker代理', '2025-09-08', 45000.00, 0, 11, '', '2026-01-02 09:00:00'),
(20, '3D打印机', 'Creality Ender-3', '创想三维', '创想官方', '2025-10-20', 2500.00, 0, 3, '教学用', '2026-01-01 08:00:00'),
(21, '焊台', 'Hakko FX-951', '白光', '白光代理', '2025-07-15', 1200.00, 0, 9, '', '2026-01-02 09:00:00'),
(22, '焊台', 'Hakko FX-951', '白光', '白光代理', '2025-07-15', 1200.00, 0, 11, '', '2026-01-02 09:00:00'),
(23, '服务器', 'Dell PowerEdge R740', '戴尔', '戴尔企业', '2025-05-30', 55000.00, 2, 15, '停用', '2026-01-02 10:00:00'),
(24, '网络分析仪', 'Keysight N9923A', '是德科技', '是德代理', '2025-11-10', 68000.00, 0, 14, '', '2026-01-02 10:00:00'),
(25, '信号源', 'Rigol DG4162', '普源', '普源官方', '2025-10-25', 4500.00, 0, 8, '', '2026-01-01 08:00:00');

-- --------------------------------------------------------
-- Reservations (86 reservations, 2026-03-15 to 2026-05-22)
-- Status: 0=审批中, 1=通过, 2=拒绝, 3=取消
-- --------------------------------------------------------

INSERT INTO reservation (id, user_id, lab_id, start_time, end_time, purpose, status, is_deleted, created_at) VALUES
-- Mid-March 2026 (historical)
(1, 2, 1, '2026-03-17 09:00:00', '2026-03-17 12:00:00', '计算机网络课程', 1, 0, '2026-03-15 10:00:00'),
(2, 3, 3, '2026-03-17 14:00:00', '2026-03-17 18:00:00', '微生物实验', 1, 0, '2026-03-15 09:00:00'),
(3, 4, 4, '2026-03-18 08:00:00', '2026-03-18 12:00:00', '有机化学实验', 1, 0, '2026-03-16 14:00:00'),
(4, 5, 9, '2026-03-18 13:00:00', '2026-03-18 18:00:00', '电子技术课程设计', 1, 0, '2026-03-16 11:00:00'),
(5, 6, 10, '2026-03-19 09:00:00', '2026-03-19 12:00:00', '材料分析实验', 1, 0, '2026-03-17 15:00:00'),
(6, 7, 11, '2026-03-19 14:00:00', '2026-03-19 17:00:00', '机械制图实训', 1, 0, '2026-03-17 09:00:00'),
(7, 2, 2, '2026-03-20 08:00:00', '2026-03-20 12:00:00', 'C语言程序设计课程', 1, 0, '2026-03-18 10:00:00'),
(8, 3, 8, '2026-03-20 10:00:00', '2026-03-20 16:00:00', '精密仪器测量实验', 1, 0, '2026-03-18 11:00:00'),
(9, 4, 7, '2026-03-21 09:00:00', '2026-03-21 12:00:00', '生物实验课程', 1, 0, '2026-03-19 14:00:00'),
(10, 5, 13, '2026-03-21 08:00:00', '2026-03-21 17:00:00', '计算机组成原理实验', 1, 0, '2026-03-19 10:00:00'),
(11, 2, 1, '2026-03-24 14:00:00', '2026-03-24 17:00:00', '数据结构上机课', 1, 0, '2026-03-22 09:00:00'),
(12, 6, 12, '2026-03-24 10:00:00', '2026-03-24 15:00:00', '纳米材料实验', 1, 0, '2026-03-22 11:00:00'),
(13, 7, 6, '2026-03-24 08:00:00', '2026-03-24 12:00:00', '学术报告', 1, 0, '2026-03-22 14:00:00'),
(14, 3, 9, '2026-03-25 13:00:00', '2026-03-25 18:00:00', '电路实验', 2, 0, '2026-03-23 10:00:00'),
(15, 4, 4, '2026-03-25 09:00:00', '2026-03-25 12:00:00', '分析化学实验', 1, 0, '2026-03-23 09:00:00'),
(16, 5, 14, '2026-03-26 09:00:00', '2026-03-26 17:00:00', '网络工程实训', 1, 0, '2026-03-24 14:00:00'),
(17, 2, 2, '2026-03-26 08:00:00', '2026-03-26 12:00:00', '数据库课程', 1, 0, '2026-03-24 10:00:00'),
(18, 6, 11, '2026-03-27 14:00:00', '2026-03-27 18:00:00', '机械设计课程', 1, 0, '2026-03-25 11:00:00'),
(19, 7, 1, '2026-03-28 09:00:00', '2026-03-28 12:00:00', '计算机基础考试', 1, 0, '2026-03-26 14:00:00'),
(20, 3, 3, '2026-03-28 13:00:00', '2026-03-28 18:00:00', '光学实验', 1, 0, '2026-03-26 10:00:00'),

-- Late March 2026
(21, 4, 10, '2026-03-31 08:00:00', '2026-03-31 12:00:00', '材料力学实验', 1, 0, '2026-03-29 09:00:00'),
(22, 5, 13, '2026-03-31 13:00:00', '2026-03-31 18:00:00', '操作系统实验', 1, 0, '2026-03-29 11:00:00'),

-- April 2026
(23, 2, 1, '2026-04-01 08:00:00', '2026-04-01 12:00:00', '期末复习课', 1, 0, '2026-03-29 10:00:00'),
(24, 6, 14, '2026-04-01 13:00:00', '2026-04-01 17:00:00', '网络工程课程设计', 1, 0, '2026-03-29 14:00:00'),
(25, 3, 10, '2026-04-02 09:00:00', '2026-04-02 12:00:00', '材料检测实验', 1, 0, '2026-03-30 09:00:00'),
(26, 7, 11, '2026-04-02 14:00:00', '2026-04-02 18:00:00', '机械设计课程', 1, 0, '2026-03-30 11:00:00'),
(27, 4, 7, '2026-04-03 08:00:00', '2026-04-03 12:00:00', '细胞培养实验', 1, 0, '2026-03-31 10:00:00'),
(28, 5, 9, '2026-04-03 13:00:00', '2026-04-03 18:00:00', '电子技术实训', 1, 0, '2026-03-31 14:00:00'),
(29, 2, 2, '2026-04-07 08:00:00', '2026-04-07 12:00:00', '数据结构课程', 1, 0, '2026-04-05 10:00:00'),
(30, 6, 12, '2026-04-07 13:00:00', '2026-04-07 18:00:00', '纳米技术研究', 1, 0, '2026-04-05 14:00:00'),
(31, 3, 3, '2026-04-08 09:00:00', '2026-04-08 14:00:00', '物理实验考试', 1, 0, '2026-04-06 09:00:00'),
(32, 7, 13, '2026-04-08 08:00:00', '2026-04-08 17:00:00', '计算机组成实验', 1, 0, '2026-04-06 11:00:00'),
(33, 4, 8, '2026-04-09 10:00:00', '2026-04-09 16:00:00', '仪器校准实验', 1, 0, '2026-04-07 10:00:00'),
(34, 5, 14, '2026-04-09 13:00:00', '2026-04-09 18:00:00', '网络安全实验', 1, 0, '2026-04-07 14:00:00'),
(35, 2, 6, '2026-04-10 08:00:00', '2026-04-10 12:00:00', '学术会议', 1, 0, '2026-04-08 09:00:00'),
(36, 6, 10, '2026-04-10 14:00:00', '2026-04-10 18:00:00', '材料分析实验', 1, 0, '2026-04-08 11:00:00'),
(37, 3, 11, '2026-04-11 09:00:00', '2026-04-11 12:00:00', 'CAD实训', 1, 0, '2026-04-09 14:00:00'),
(38, 7, 1, '2026-04-11 13:00:00', '2026-04-11 18:00:00', '算法设计课程', 1, 0, '2026-04-09 10:00:00'),
(39, 4, 4, '2026-04-14 08:00:00', '2026-04-14 12:00:00', '有机合成实验', 1, 0, '2026-04-12 11:00:00'),
(40, 5, 9, '2026-04-14 13:00:00', '2026-04-14 18:00:00', '电路分析实验', 1, 0, '2026-04-12 14:00:00'),
(41, 2, 2, '2026-04-15 08:00:00', '2026-04-15 12:00:00', '数据库应用课程', 1, 0, '2026-04-13 10:00:00'),
(42, 6, 7, '2026-04-15 13:00:00', '2026-04-15 18:00:00', '生物化学实验', 1, 0, '2026-04-13 11:00:00'),
(43, 3, 3, '2026-04-16 09:00:00', '2026-04-16 14:00:00', '物理实验考试', 1, 0, '2026-04-14 09:00:00'),
(44, 7, 13, '2026-04-16 08:00:00', '2026-04-16 17:00:00', '操作系统课程设计', 1, 0, '2026-04-14 11:00:00'),
(45, 4, 8, '2026-04-17 10:00:00', '2026-04-17 15:00:00', '精密仪器标定', 1, 0, '2026-04-15 14:00:00'),
(46, 5, 14, '2026-04-18 08:00:00', '2026-04-18 17:00:00', '网络协议实验', 1, 0, '2026-04-16 10:00:00'),
(47, 2, 1, '2026-04-21 09:00:00', '2026-04-21 12:00:00', '编译原理课程', 1, 0, '2026-04-19 11:00:00'),
(48, 6, 12, '2026-04-21 13:00:00', '2026-04-21 18:00:00', '纳米技术研究', 1, 0, '2026-04-19 14:00:00'),
(49, 3, 10, '2026-04-22 08:00:00', '2026-04-22 12:00:00', '材料力学测试', 1, 0, '2026-04-20 09:00:00'),
(50, 7, 11, '2026-04-22 13:00:00', '2026-04-22 18:00:00', '机械制图课程', 1, 0, '2026-04-20 11:00:00'),
(51, 4, 7, '2026-04-23 09:00:00', '2026-04-23 12:00:00', '微生物培养实验', 1, 0, '2026-04-21 10:00:00'),
(52, 5, 9, '2026-04-23 13:00:00', '2026-04-23 18:00:00', '单片机实验', 1, 0, '2026-04-21 14:00:00'),
(53, 2, 2, '2026-04-24 08:00:00', '2026-04-24 12:00:00', '软件工程课程', 1, 0, '2026-04-22 09:00:00'),
(54, 6, 6, '2026-04-24 14:00:00', '2026-04-24 18:00:00', '学术讲座', 1, 0, '2026-04-22 11:00:00'),
(55, 3, 3, '2026-04-25 09:00:00', '2026-04-25 14:00:00', '光学仪器实验', 1, 0, '2026-04-23 14:00:00'),
(56, 7, 13, '2026-04-25 08:00:00', '2026-04-25 17:00:00', '计算机网络课程', 1, 0, '2026-04-23 10:00:00'),
(57, 4, 4, '2026-04-28 08:00:00', '2026-04-28 12:00:00', '化学实验课', 1, 0, '2026-04-26 11:00:00'),
(58, 5, 14, '2026-04-28 13:00:00', '2026-04-28 18:00:00', '网络安全实训', 1, 0, '2026-04-26 14:00:00'),
(59, 2, 1, '2026-04-29 09:00:00', '2026-04-29 12:00:00', '期末考试复习', 1, 0, '2026-04-27 10:00:00'),
(60, 6, 10, '2026-04-29 13:00:00', '2026-04-29 18:00:00', '材料检测实验', 1, 0, '2026-04-27 11:00:00'),

-- May 2026 (early May - completed)
(61, 3, 11, '2026-05-02 08:00:00', '2026-05-02 12:00:00', '机械设计课程', 1, 0, '2026-04-29 09:00:00'),
(62, 7, 1, '2026-05-02 13:00:00', '2026-05-02 18:00:00', '数据结构考试', 1, 0, '2026-04-29 14:00:00'),
(63, 4, 7, '2026-05-05 09:00:00', '2026-05-05 12:00:00', '生物实验课程', 1, 0, '2026-04-30 10:00:00'),
(64, 5, 9, '2026-05-05 13:00:00', '2026-05-05 18:00:00', '电子技术实训', 1, 0, '2026-04-30 14:00:00'),
(65, 2, 2, '2026-05-06 08:00:00', '2026-05-06 12:00:00', '数据库课程设计', 1, 0, '2026-05-01 09:00:00'),
(66, 6, 12, '2026-05-06 13:00:00', '2026-05-06 18:00:00', '纳米技术研究', 1, 0, '2026-05-01 11:00:00'),
(67, 3, 3, '2026-05-07 09:00:00', '2026-05-07 14:00:00', '物理光学实验', 1, 0, '2026-05-02 14:00:00'),
(68, 7, 13, '2026-05-07 08:00:00', '2026-05-07 17:00:00', '计算机组成原理', 1, 0, '2026-05-02 10:00:00'),
(69, 4, 8, '2026-05-08 10:00:00', '2026-05-08 16:00:00', '精密仪器测量', 1, 0, '2026-05-03 11:00:00'),
(70, 5, 14, '2026-05-08 08:00:00', '2026-05-08 17:00:00', '网络工程实训', 1, 0, '2026-05-03 14:00:00'),
(71, 2, 6, '2026-05-09 08:00:00', '2026-05-09 12:00:00', '学术报告', 1, 0, '2026-05-04 09:00:00'),
(72, 6, 10, '2026-05-09 13:00:00', '2026-05-09 18:00:00', '材料分析实验', 1, 0, '2026-05-04 11:00:00'),
(73, 3, 11, '2026-05-12 09:00:00', '2026-05-12 12:00:00', 'CAD实训', 1, 0, '2026-05-05 14:00:00'),
(74, 7, 1, '2026-05-12 13:00:00', '2026-05-12 18:00:00', '算法设计与分析', 1, 0, '2026-05-05 10:00:00'),
(75, 4, 4, '2026-05-13 08:00:00', '2026-05-13 12:00:00', '有机合成实验', 1, 0, '2026-05-06 11:00:00'),
(76, 5, 9, '2026-05-13 13:00:00', '2026-05-13 18:00:00', '电路实验', 1, 0, '2026-05-06 14:00:00'),
(77, 2, 2, '2026-05-14 08:00:00', '2026-05-14 12:00:00', '软件工程课程', 1, 0, '2026-05-07 09:00:00'),
(78, 6, 7, '2026-05-14 13:00:00', '2026-05-14 18:00:00', '微生物实验', 1, 0, '2026-05-07 11:00:00'),
(79, 3, 3, '2026-05-15 09:00:00', '2026-05-15 14:00:00', '物理实验考试', 1, 0, '2026-05-08 14:00:00'),
(80, 7, 13, '2026-05-15 08:00:00', '2026-05-15 17:00:00', '操作系统课程', 1, 0, '2026-05-08 10:00:00'),

-- Mid-May 2026 (pending)
(81, 4, 8, '2026-05-19 10:00:00', '2026-05-19 15:00:00', '仪器校准实验', 0, 0, '2026-05-16 11:00:00'),
(82, 5, 14, '2026-05-20 08:00:00', '2026-05-20 17:00:00', '网络安全课程设计', 0, 0, '2026-05-17 10:00:00'),
(83, 2, 1, '2026-05-21 09:00:00', '2026-05-21 12:00:00', '期末复习课', 0, 0, '2026-05-18 14:00:00'),
(84, 6, 12, '2026-05-21 13:00:00', '2026-05-21 18:00:00', '纳米材料研究', 0, 0, '2026-05-18 11:00:00'),
(85, 3, 10, '2026-05-22 08:00:00', '2026-05-22 12:00:00', '材料分析实验', 0, 0, '2026-05-19 09:00:00'),
(86, 7, 11, '2026-05-22 13:00:00', '2026-05-22 18:00:00', '机械设计答辩', 0, 0, '2026-05-19 14:00:00');

-- --------------------------------------------------------
-- Approvals (matching reservations with status=1 or status=2)
-- Status: 0=通过, 1=拒绝
-- --------------------------------------------------------

INSERT INTO approval (reservation_id, approver_id, status, comment, approved_at, created_at) VALUES
-- Approved (status=1) - reservation_id 1 to 80
(1, 2, 0, '课程安排合理', '2026-03-15 17:00:00', '2026-03-15 10:30:00'),
(2, 3, 0, '实验室可用', '2026-03-15 17:00:00', '2026-03-15 09:30:00'),
(3, 3, 0, '实验准备充分', '2026-03-16 17:00:00', '2026-03-16 14:30:00'),
(4, 2, 0, '设备充足', '2026-03-16 17:00:00', '2026-03-16 11:30:00'),
(5, 4, 0, '材料已准备', '2026-03-17 18:00:00', '2026-03-17 15:30:00'),
(6, 3, 0, '设备空闲', '2026-03-17 18:00:00', '2026-03-17 09:30:00'),
(7, 2, 0, '课程需要', '2026-03-18 17:00:00', '2026-03-18 10:30:00'),
(8, 3, 0, '实验安排合理', '2026-03-18 17:00:00', '2026-03-18 11:30:00'),
(9, 4, 0, '同意使用', '2026-03-19 17:00:00', '2026-03-19 14:30:00'),
(10, 4, 0, '计算机设备充足', '2026-03-19 17:00:00', '2026-03-19 10:30:00'),
(11, 2, 0, '课程安排', '2026-03-22 17:00:00', '2026-03-22 09:30:00'),
(12, 2, 0, '纳米设备可用', '2026-03-22 17:00:00', '2026-03-22 11:30:00'),
(13, 2, 0, '场地空闲', '2026-03-22 17:00:00', '2026-03-22 14:30:00'),
(15, 3, 0, '同意使用', '2026-03-23 17:00:00', '2026-03-23 09:30:00'),
(16, 3, 0, '网络设备空闲', '2026-03-24 17:00:00', '2026-03-24 14:30:00'),
(17, 2, 0, '计算机空闲', '2026-03-24 17:00:00', '2026-03-24 10:30:00'),
(18, 3, 0, '机械设备空闲', '2026-03-25 17:00:00', '2026-03-25 11:30:00'),
(19, 2, 0, '同意使用', '2026-03-26 17:00:00', '2026-03-26 14:30:00'),
(20, 3, 0, '光学仪器可用', '2026-03-26 17:00:00', '2026-03-26 10:30:00'),
(21, 4, 0, '材料实验条件满足', '2026-03-29 17:00:00', '2026-03-29 09:30:00'),
(22, 4, 0, '计算机充足', '2026-03-29 17:00:00', '2026-03-29 11:30:00'),
(23, 2, 0, '期末复习安排', '2026-03-29 17:00:00', '2026-03-29 10:30:00'),
(24, 3, 0, '网络设备空闲', '2026-03-29 17:00:00', '2026-03-29 14:30:00'),
(25, 4, 0, '材料检测设备可用', '2026-03-30 17:00:00', '2026-03-30 09:30:00'),
(26, 3, 0, '机械实验室空闲', '2026-03-30 17:00:00', '2026-03-30 11:30:00'),
(27, 4, 0, '生物实验设备正常', '2026-03-31 17:00:00', '2026-03-31 10:30:00'),
(28, 2, 0, '电子技术实训设备', '2026-03-31 17:00:00', '2026-03-31 14:30:00'),
(29, 2, 0, '数据结构课程', '2026-04-05 17:00:00', '2026-04-05 10:30:00'),
(30, 2, 0, '纳米研究设备可用', '2026-04-05 17:00:00', '2026-04-05 14:30:00'),
(31, 3, 0, '物理实验条件满足', '2026-04-06 17:00:00', '2026-04-06 09:30:00'),
(32, 4, 0, '计算机实验安排', '2026-04-06 17:00:00', '2026-04-06 11:30:00'),
(33, 3, 0, '仪器标定流程合规', '2026-04-07 17:00:00', '2026-04-07 10:30:00'),
(34, 3, 0, '网络安全设备可用', '2026-04-07 17:00:00', '2026-04-07 14:30:00'),
(35, 2, 0, '学术会议场地合适', '2026-04-08 17:00:00', '2026-04-08 09:30:00'),
(36, 4, 0, '材料分析设备正常', '2026-04-08 17:00:00', '2026-04-08 11:30:00'),
(37, 3, 0, 'CAD设备空闲', '2026-04-09 17:00:00', '2026-04-09 14:30:00'),
(38, 2, 0, '算法课程需要', '2026-04-09 17:00:00', '2026-04-09 10:30:00'),
(39, 3, 0, '有机合成条件满足', '2026-04-12 17:00:00', '2026-04-12 11:30:00'),
(40, 2, 0, '电路分析实验安排', '2026-04-12 17:00:00', '2026-04-12 14:30:00'),
(41, 2, 0, '数据库应用课程', '2026-04-13 17:00:00', '2026-04-13 10:30:00'),
(42, 4, 0, '生化设备满足', '2026-04-13 17:00:00', '2026-04-13 11:30:00'),
(43, 3, 0, '物理实验考试安排', '2026-04-14 17:00:00', '2026-04-14 09:30:00'),
(44, 4, 0, '操作系统课程设计', '2026-04-14 17:00:00', '2026-04-14 11:30:00'),
(45, 3, 0, '精密仪器校准完成', '2026-04-15 17:00:00', '2026-04-15 14:30:00'),
(46, 3, 0, '网络协议实验设备', '2026-04-16 17:00:00', '2026-04-16 10:30:00'),
(47, 2, 0, '编译原理课程', '2026-04-19 17:00:00', '2026-04-19 11:30:00'),
(48, 2, 0, '纳米技术研究设备', '2026-04-19 17:00:00', '2026-04-19 14:30:00'),
(49, 4, 0, '材料力学测试条件', '2026-04-20 17:00:00', '2026-04-20 09:30:00'),
(50, 3, 0, '机械设计课程', '2026-04-20 17:00:00', '2026-04-20 11:30:00'),
(51, 4, 0, '微生物培养条件满足', '2026-04-21 17:00:00', '2026-04-21 10:30:00'),
(52, 2, 0, '单片机实验设备', '2026-04-21 17:00:00', '2026-04-21 14:30:00'),
(53, 2, 0, '软件工程课程', '2026-04-22 17:00:00', '2026-04-22 09:30:00'),
(54, 2, 0, '学术讲座场地', '2026-04-22 17:00:00', '2026-04-22 11:30:00'),
(55, 3, 0, '光学实验正常', '2026-04-23 17:00:00', '2026-04-23 14:30:00'),
(56, 4, 0, '计算机网络课程', '2026-04-23 17:00:00', '2026-04-23 10:30:00'),
(57, 3, 0, '化学实验课安排', '2026-04-26 17:00:00', '2026-04-26 11:30:00'),
(58, 3, 0, '网络安全实训', '2026-04-26 17:00:00', '2026-04-26 14:30:00'),
(59, 2, 0, '期末考试复习', '2026-04-27 17:00:00', '2026-04-27 10:30:00'),
(60, 4, 0, '材料检测实验', '2026-04-27 17:00:00', '2026-04-27 11:30:00'),
(61, 3, 0, '机械设计课程', '2026-04-29 17:00:00', '2026-04-29 09:30:00'),
(62, 2, 0, '数据结构考试', '2026-04-29 17:00:00', '2026-04-29 14:30:00'),
(63, 4, 0, '生物实验课程', '2026-04-30 17:00:00', '2026-04-30 10:30:00'),
(64, 2, 0, '电子技术实训', '2026-04-30 17:00:00', '2026-04-30 14:30:00'),
(65, 2, 0, '数据库课程设计', '2026-05-01 17:00:00', '2026-05-01 09:30:00'),
(66, 2, 0, '纳米技术研究', '2026-05-01 17:00:00', '2026-05-01 11:30:00'),
(67, 3, 0, '物理光学实验', '2026-05-02 17:00:00', '2026-05-02 14:30:00'),
(68, 4, 0, '计算机组成原理', '2026-05-02 17:00:00', '2026-05-02 10:30:00'),
(69, 3, 0, '精密仪器测量', '2026-05-03 17:00:00', '2026-05-03 11:30:00'),
(70, 3, 0, '网络工程实训', '2026-05-03 17:00:00', '2026-05-03 14:30:00'),
(71, 2, 0, '学术报告场地', '2026-05-04 17:00:00', '2026-05-04 09:30:00'),
(72, 4, 0, '材料分析实验', '2026-05-04 17:00:00', '2026-05-04 11:30:00'),
(73, 3, 0, 'CAD实训安排', '2026-05-05 17:00:00', '2026-05-05 14:30:00'),
(74, 2, 0, '算法设计与分析', '2026-05-05 17:00:00', '2026-05-05 10:30:00'),
(75, 3, 0, '有机合成实验', '2026-05-06 17:00:00', '2026-05-06 11:30:00'),
(76, 2, 0, '电路实验', '2026-05-06 17:00:00', '2026-05-06 14:30:00'),
(77, 2, 0, '软件工程课程', '2026-05-07 17:00:00', '2026-05-07 09:30:00'),
(78, 4, 0, '微生物实验', '2026-05-07 17:00:00', '2026-05-07 11:30:00'),
(79, 3, 0, '物理实验考试', '2026-05-08 17:00:00', '2026-05-08 14:30:00'),
(80, 4, 0, '操作系统课程', '2026-05-08 17:00:00', '2026-05-08 10:30:00'),

-- Rejected (status=2)
(14, 2, 1, '设备冲突', '2026-03-23 17:00:00', '2026-03-23 10:30:00');

-- --------------------------------------------------------
-- Notifications (recent activity - only recent 10 days before data cutoff)
-- --------------------------------------------------------

INSERT INTO notification (id, user_id, title, content, type, related_id, is_read, created_at) VALUES
(1, 2, '预约已通过', '您的预约（教学楼A-201）已审批通过', 1, 7, 1, '2026-05-10 17:30:00'),
(2, 3, '预约已通过', '您的预约（教学楼A-301）已审批通过', 1, 43, 1, '2026-05-10 17:30:00'),
(3, 4, '预约已通过', '您的预约（教学楼A-401）已审批通过', 1, 39, 1, '2026-05-10 17:30:00'),
(4, 5, '预约已通过', '您的预约（实验楼1-101）已审批通过', 1, 40, 1, '2026-05-10 17:30:00'),
(5, 6, '预约已通过', '您的预约（实验楼1-401）已审批通过', 1, 66, 1, '2026-05-10 17:30:00'),
(6, 7, '预约已通过', '您的预约（实验楼2-101）已审批通过', 1, 68, 1, '2026-05-10 17:30:00'),
(7, 4, '预约待审批', '您有一个新的预约申请待处理', 1, 81, 0, '2026-05-16 11:30:00'),
(8, 5, '预约待审批', '您有一个新的预约申请待处理', 1, 82, 0, '2026-05-17 10:30:00'),
(9, 2, '预约待审批', '您有一个新的预约申请待处理', 1, 83, 0, '2026-05-18 14:30:00'),
(10, 6, '预约待审批', '您有一个新的预约申请待处理', 1, 84, 0, '2026-05-18 11:30:00');

-- --------------------------------------------------------
-- User Logs
-- --------------------------------------------------------

INSERT INTO user_log (user_id, operator_id, action, name, `role`, phone, email, is_active, created_at) VALUES
(1, 1, 'create', '张明', 1, '13800000001', 'zhangming@labflow.org', 0, '2026-01-05 09:00:00'),
(2, 1, 'create', '李伟', 2, '13800000002', 'liwei@labflow.org', 0, '2026-01-10 10:00:00'),
(3, 1, 'create', '王强', 2, '13800000003', 'wangqiang@labflow.org', 0, '2026-01-12 11:00:00'),
(4, 1, 'create', '陈晓', 2, '13800000004', 'chenxiao@labflow.org', 0, '2026-01-15 14:00:00'),
(5, 1, 'create', '刘洋', 2, '13800000005', 'liuyang@labflow.org', 0, '2026-02-01 09:00:00'),
(6, 1, 'create', '赵飞', 2, '13800000006', 'zhaofei@labflow.org', 0, '2026-02-10 10:00:00'),
(7, 1, 'create', '孙洁', 2, '13800000007', 'sunjie@labflow.org', 0, '2026-02-20 11:00:00');

-- --------------------------------------------------------
-- Instrument Logs
-- --------------------------------------------------------

INSERT INTO instrument_log (instrument_id, operator_id, action, name, model, manufacturer, supplier, price, status, lab_id, created_at) VALUES
(1, 1, 'create', '台式电脑', 'ThinkCentre M920', '联想', '神州数码', 4500.00, 0, 2, '2026-01-01 08:00:00'),
(5, 1, 'create', '示波器', 'Tektronix TBS1104', '泰克', '东方集成', 8500.00, 0, 9, '2026-01-02 09:00:00'),
(9, 1, 'create', '显微镜', 'Olympus CX23', '奥林巴斯', '奥林巴斯代理', 12000.00, 0, 7, '2026-01-02 10:00:00'),
(15, 1, 'update', '离心机', 'Thermo SL40', '赛默飞', '赛默飞代理', 9200.00, 1, 4, '2026-03-15 10:00:00');

-- --------------------------------------------------------
-- Lab User Logs
-- --------------------------------------------------------

INSERT INTO lab_user_log (lab_user_id, lab_id, user_id, operator_id, action, is_active, created_at) VALUES
(1, 1, 2, 1, 'create', 0, '2026-01-10 10:00:00'),
(2, 2, 2, 1, 'create', 0, '2026-01-10 10:00:00'),
(3, 3, 3, 1, 'create', 0, '2026-01-12 11:00:00'),
(4, 4, 3, 1, 'create', 0, '2026-01-12 11:00:00'),
(5, 5, 4, 1, 'create', 0, '2026-01-15 14:00:00'),
(9, 9, 2, 1, 'create', 0, '2026-01-10 10:00:00'),
(10, 10, 4, 1, 'create', 0, '2026-01-15 14:00:00');

-- ================================================
-- Test Data Summary (Dataset 2)
-- Time Range: 2026-03-15 to 2026-05-22
-- Users: 7 (1 admin + 6 lab users)
-- Labs: 15
-- Instruments: 25
-- Reservations: 86 (80 completed, 1 rejected, 5 pending)
-- Approvals: 81 (80 approved, 1 rejected)
-- Notifications: 10 (recent only)
-- Logs: 18
-- ================================================

SET FOREIGN_KEY_CHECKS = 1;
